id,first_name,last_name,email,department,salary,age,hire_date,is_active
1,Jane,Davis,jane.johnson1@company.com,Finance,79898,47,2021-12-04,True
2,Emily,Davis,michael.williams2@company.com,HR,95055,28,2010-08-17,False
3,Jane,Jones,emily.brown3@company.com,Finance,91516,26,2021-07-22,True
4,Emily,Rodriguez,david.jones4@company.com,Sales,149339,32,2016-10-09,True
5,Matthew,Miller,sarah.garcia5@company.com,Sales,107642,56,2021-02-17,False
6,Amanda,Garcia,chris.miller6@company.com,Marketing,136949,61,2010-08-10,False
7,Sarah,Rodriguez,jessica.davis7@company.com,Operations,135810,51,2019-10-16,False
8,David,Smith,matthew.rodriguez8@company.com,Sales,83636,33,2018-07-15,False
9,Matthew,Johnson,amanda.martinez9@company.com,Sales,78644,59,2014-03-28,True
10,John,Davis,john.smith10@company.com,HR,110260,28,2014-09-19,True
11,Sarah,Rodriguez,jane.johnson11@company.com,Sales,96592,52,2010-04-13,False
12,Jessica,Jones,michael.williams12@company.com,Finance,68176,27,2020-09-01,False
13,Michael,Brown,emily.brown13@company.com,HR,136391,64,2019-04-26,False
14,Chris,Brown,david.jones14@company.com,HR,98154,56,2012-12-27,False
15,Chris,Brown,sarah.garcia15@company.com,Engineering,131086,42,2013-07-28,True
16,Jessica,Miller,chris.miller16@company.com,Marketing,148165,45,2018-12-08,False
17,Emily,Davis,jessica.davis17@company.com,Operations,64828,49,2021-07-14,False
18,Michael,Garcia,matthew.rodriguez18@company.com,Sales,148639,61,2014-01-16,True
19,Amanda,Williams,amanda.martinez19@company.com,Operations,129059,47,2014-05-27,False
20,David,Garcia,john.smith20@company.com,HR,63439,35,2019-11-24,False
21,Michael,Davis,jane.johnson21@company.com,Engineering,145705,47,2021-09-13,True
22,Jessica,Johnson,michael.williams22@company.com,Finance,56344,32,2010-12-15,False
23,Sarah,Johnson,emily.brown23@company.com,Engineering,117859,48,2013-02-25,True
24,John,Smith,david.jones24@company.com,HR,122516,41,2015-08-10,False
25,Michael,Garcia,sarah.garcia25@company.com,Sales,123277,43,2012-08-21,True
26,David,Williams,chris.miller26@company.com,Marketing,107044,47,2010-10-17,False
27,Amanda,Rodriguez,jessica.davis27@company.com,Finance,85297,28,2014-12-17,False
28,Matthew,Brown,matthew.rodriguez28@company.com,Engineering,105884,48,2019-05-25,False
29,Chris,Williams,amanda.martinez29@company.com,Operations,122032,30,2011-04-27,False
30,David,Rodriguez,john.smith30@company.com,Engineering,149229,42,2018-02-09,True
31,Jessica,Garcia,jane.johnson31@company.com,Operations,136781,22,2016-08-24,True
32,Emily,Miller,michael.williams32@company.com,Marketing,94480,49,2010-03-31,True
33,Matthew,Rodriguez,emily.brown33@company.com,Engineering,60752,28,2016-06-06,False
34,Matthew,Johnson,david.jones34@company.com,Finance,135470,54,2021-01-31,True
35,Chris,Johnson,sarah.garcia35@company.com,Engineering,66018,28,2019-11-16,False
36,Michael,Williams,chris.miller36@company.com,HR,68532,43,2016-12-31,False
37,Emily,Garcia,jessica.davis37@company.com,HR,68442,44,2022-10-08,False
38,Amanda,Davis,matthew.rodriguez38@company.com,Finance,120507,24,2016-03-27,True
39,Sarah,Rodriguez,amanda.martinez39@company.com,Operations,52852,38,2023-04-05,False
40,John,Martinez,john.smith40@company.com,Engineering,138008,54,2010-08-29,False
41,Jane,Jones,jane.johnson41@company.com,Engineering,82915,27,2020-08-20,True
42,Matthew,Miller,michael.williams42@company.com,HR,93679,29,2016-08-05,False
43,Jessica,Garcia,emily.brown43@company.com,Sales,97207,43,2021-07-06,True
44,John,Brown,david.jones44@company.com,Sales,100967,52,2010-07-29,False
45,Matthew,Johnson,sarah.garcia45@company.com,Engineering,93618,23,2014-02-14,True
46,Amanda,Martinez,chris.miller46@company.com,Operations,90034,36,2012-06-27,False
47,Matthew,Davis,jessica.davis47@company.com,Sales,91662,25,2012-11-10,True
48,Chris,Martinez,matthew.rodriguez48@company.com,Finance,87616,63,2017-04-21,False
49,John,Smith,amanda.martinez49@company.com,Operations,99857,24,2022-06-01,False
50,Chris,Miller,john.smith50@company.com,HR,137060,26,2017-02-17,False
51,Emily,Miller,jane.johnson51@company.com,Marketing,59580,37,2022-12-30,False
52,Sarah,Davis,michael.williams52@company.com,Finance,105818,44,2023-05-02,False
53,John,Jones,emily.brown53@company.com,HR,105575,41,2012-01-15,True
54,Amanda,Johnson,david.jones54@company.com,Marketing,132465,62,2013-07-16,False
55,Chris,Smith,sarah.garcia55@company.com,Sales,133592,61,2016-09-05,False
56,Jane,Brown,chris.miller56@company.com,Engineering,130961,54,2019-03-19,True
57,David,Brown,jessica.davis57@company.com,Engineering,121049,36,2017-04-06,False
58,Matthew,Garcia,matthew.rodriguez58@company.com,Finance,142101,36,2018-12-01,False
59,Michael,Miller,amanda.martinez59@company.com,Finance,145704,33,2017-08-22,False
60,Michael,Rodriguez,john.smith60@company.com,Marketing,138724,26,2012-01-11,False
61,John,Davis,jane.johnson61@company.com,Operations,70661,58,2023-01-18,True
62,Jane,Garcia,michael.williams62@company.com,Engineering,71652,46,2010-08-21,False
63,Jessica,Brown,emily.brown63@company.com,Sales,113891,35,2014-05-17,True
64,Sarah,Williams,david.jones64@company.com,Engineering,132405,62,2010-12-09,False
65,David,Johnson,sarah.garcia65@company.com,Finance,112916,45,2019-07-12,False
66,Chris,Brown,chris.miller66@company.com,Engineering,52861,27,2010-05-07,True
67,David,Martinez,jessica.davis67@company.com,Engineering,76406,63,2021-08-20,True
68,Emily,Brown,matthew.rodriguez68@company.com,Operations,94851,47,2015-09-04,False
69,Matthew,Martinez,amanda.martinez69@company.com,Sales,69288,62,2019-10-12,False
70,Jane,Rodriguez,john.smith70@company.com,HR,72242,49,2017-02-24,True
71,Jessica,Smith,jane.johnson71@company.com,Marketing,131762,40,2014-06-19,True
72,Michael,Jones,michael.williams72@company.com,Finance,133276,45,2021-06-19,False
73,Matthew,Garcia,emily.brown73@company.com,Marketing,108384,27,2021-01-06,True
74,Sarah,Johnson,david.jones74@company.com,HR,101376,26,2012-06-04,True
75,John,Brown,sarah.garcia75@company.com,Finance,118562,22,2017-02-10,True
76,Matthew,Johnson,chris.miller76@company.com,Engineering,63608,43,2014-07-26,False
77,Chris,Garcia,jessica.davis77@company.com,HR,118642,32,2017-04-29,True
78,David,Jones,matthew.rodriguez78@company.com,Engineering,94766,62,2012-05-15,True
79,Sarah,Martinez,amanda.martinez79@company.com,Operations,87270,28,2021-02-11,False
80,John,Davis,john.smith80@company.com,Sales,149788,34,2011-01-12,False
81,Michael,Rodriguez,jane.johnson81@company.com,Sales,119595,39,2011-12-16,True
82,Jessica,Martinez,michael.williams82@company.com,HR,120853,46,2022-01-13,True
83,David,Williams,emily.brown83@company.com,Engineering,59054,29,2013-08-08,False
84,Jessica,Brown,david.jones84@company.com,Operations,92281,35,2014-06-23,False
85,David,Rodriguez,sarah.garcia85@company.com,HR,65748,28,2014-10-03,False
86,David,Rodriguez,chris.miller86@company.com,HR,116657,34,2018-06-17,False
87,David,Rodriguez,jessica.davis87@company.com,Sales,69569,30,2022-12-25,True
88,David,Brown,matthew.rodriguez88@company.com,HR,84473,47,2013-08-22,False
89,Amanda,Jones,amanda.martinez89@company.com,Finance,84419,43,2021-03-23,True
90,Jessica,Martinez,john.smith90@company.com,Operations,101731,33,2010-09-16,False
91,John,Johnson,jane.johnson91@company.com,Marketing,91149,61,2020-02-07,False
92,David,Davis,michael.williams92@company.com,Operations,105957,62,2022-09-30,True
93,Emily,Smith,emily.brown93@company.com,Engineering,116324,47,2022-09-02,False
94,Chris,Davis,david.jones94@company.com,Sales,107851,29,2020-04-25,True
95,David,Smith,sarah.garcia95@company.com,Marketing,135705,22,2010-01-11,True
96,Emily,Davis,chris.miller96@company.com,Operations,104413,29,2011-05-04,False
97,Jessica,Davis,jessica.davis97@company.com,HR,126092,64,2012-10-23,False
98,Jessica,Martinez,matthew.rodriguez98@company.com,Marketing,100012,28,2013-09-27,True
99,Amanda,Johnson,amanda.martinez99@company.com,Finance,128977,54,2019-02-04,False
100,Jane,Garcia,john.smith100@company.com,Engineering,78564,60,2011-10-10,False
101,Jane,Miller,jane.johnson101@company.com,Engineering,93908,64,2017-04-08,True
102,Emily,Martinez,michael.williams102@company.com,Engineering,88378,43,2010-04-18,True
103,Emily,Rodriguez,emily.brown103@company.com,HR,67386,36,2015-09-24,False
104,Jane,Williams,david.jones104@company.com,Marketing,126733,49,2020-08-02,False
105,John,Smith,sarah.garcia105@company.com,Operations,96109,61,2020-05-24,False
106,Matthew,Miller,chris.miller106@company.com,HR,98959,54,2017-08-17,False
107,Jane,Smith,jessica.davis107@company.com,Finance,81463,56,2012-10-29,False
108,David,Johnson,matthew.rodriguez108@company.com,Sales,126510,47,2018-10-19,True
109,Emily,Johnson,amanda.martinez109@company.com,Operations,60141,26,2020-03-24,False
110,Chris,Jones,john.smith110@company.com,Sales,129708,26,2016-08-07,False
111,Amanda,Williams,jane.johnson111@company.com,Finance,72712,40,2023-03-31,True
112,Matthew,Williams,michael.williams112@company.com,Marketing,75468,41,2019-08-03,False
113,Sarah,Martinez,emily.brown113@company.com,Marketing,55089,43,2017-12-31,False
114,Emily,Williams,david.jones114@company.com,Finance,116791,45,2021-05-29,True
115,Emily,Brown,sarah.garcia115@company.com,Engineering,148974,60,2011-05-07,False
116,Emily,Williams,chris.miller116@company.com,Sales,117047,31,2021-02-19,False
117,Michael,Rodriguez,jessica.davis117@company.com,HR,131686,56,2019-10-11,False
118,David,Davis,matthew.rodriguez118@company.com,Engineering,56507,47,2020-09-11,True
119,Amanda,Brown,amanda.martinez119@company.com,Marketing,113145,58,2018-10-04,False
120,Emily,Rodriguez,john.smith120@company.com,Marketing,61035,28,2011-12-03,True
121,Sarah,Rodriguez,jane.johnson121@company.com,Finance,130377,50,2017-04-24,True
122,Jessica,Davis,michael.williams122@company.com,Engineering,104685,45,2017-04-20,False
123,Emily,Garcia,emily.brown123@company.com,Sales,144501,59,2023-05-02,False
124,Chris,Garcia,david.jones124@company.com,Marketing,141924,34,2016-01-03,False
125,Michael,Rodriguez,sarah.garcia125@company.com,HR,114645,22,2012-11-18,False
126,Amanda,Williams,chris.miller126@company.com,Marketing,83033,50,2023-08-19,False
127,Jane,Johnson,jessica.davis127@company.com,Operations,50417,22,2012-08-06,True
128,Michael,Davis,matthew.rodriguez128@company.com,Engineering,79374,44,2012-02-07,False
129,Jane,Miller,amanda.martinez129@company.com,Sales,121389,24,2014-11-27,True
130,Jane,Smith,john.smith130@company.com,Finance,145191,22,2010-01-31,False
131,Amanda,Brown,jane.johnson131@company.com,Engineering,125444,59,2021-10-13,False
132,Chris,Rodriguez,michael.williams132@company.com,Marketing,81797,64,2012-12-17,True
133,John,Williams,emily.brown133@company.com,Finance,92155,42,2010-08-27,False
134,Sarah,Jones,david.jones134@company.com,HR,69738,41,2023-04-07,True
135,Jessica,Garcia,sarah.garcia135@company.com,HR,70967,24,2018-07-17,False
136,Sarah,Brown,chris.miller136@company.com,Sales,59284,34,2019-03-09,False
137,Amanda,Brown,jessica.davis137@company.com,Sales,135867,58,2020-09-10,True
138,Jane,Smith,matthew.rodriguez138@company.com,Sales,98488,53,2010-12-15,False
139,David,Garcia,amanda.martinez139@company.com,Finance,59826,43,2014-12-08,False
140,Sarah,Davis,john.smith140@company.com,Finance,97283,32,2014-11-05,False
141,Amanda,Johnson,jane.johnson141@company.com,Finance,78413,43,2014-11-21,True
142,Matthew,Johnson,michael.williams142@company.com,Sales,127565,35,2011-06-04,True
143,John,Miller,emily.brown143@company.com,Marketing,146184,47,2023-08-26,True
144,Amanda,Miller,david.jones144@company.com,Finance,95936,64,2014-05-30,True
145,David,Williams,sarah.garcia145@company.com,Finance,104459,54,2022-06-19,False
146,Emily,Miller,chris.miller146@company.com,Sales,143338,25,2016-01-24,True
147,John,Martinez,jessica.davis147@company.com,Operations,111145,49,2016-02-16,False
148,Sarah,Davis,matthew.rodriguez148@company.com,Finance,96036,37,2021-01-22,True
149,Matthew,Martinez,amanda.martinez149@company.com,Engineering,73126,52,2011-08-28,True
150,Sarah,Garcia,john.smith150@company.com,HR,140455,26,2012-11-13,False
151,Amanda,Garcia,jane.johnson151@company.com,Operations,112002,60,2013-05-27,True
152,Jessica,Johnson,michael.williams152@company.com,HR,86523,38,2016-02-02,True
153,Matthew,Davis,emily.brown153@company.com,Operations,66900,53,2019-06-06,False
154,Matthew,Miller,david.jones154@company.com,HR,92462,39,2017-06-12,False
155,Emily,Davis,sarah.garcia155@company.com,Marketing,62165,53,2017-04-07,True
156,Jessica,Garcia,chris.miller156@company.com,Finance,59053,58,2016-07-16,True
157,Jessica,Johnson,jessica.davis157@company.com,Engineering,119193,31,2021-11-15,True
158,Jane,Miller,matthew.rodriguez158@company.com,HR,93611,23,2023-12-24,True
159,David,Davis,amanda.martinez159@company.com,Sales,75660,42,2016-12-27,False
160,Michael,Johnson,john.smith160@company.com,HR,94801,35,2015-01-28,False
161,Michael,Rodriguez,jane.johnson161@company.com,Finance,127261,37,2017-10-30,False
162,Amanda,Johnson,michael.williams162@company.com,Sales,70859,51,2011-07-17,False
163,Chris,Miller,emily.brown163@company.com,HR,117021,45,2016-06-25,True
164,Matthew,Martinez,david.jones164@company.com,Engineering,115605,37,2021-03-02,False
165,Amanda,Williams,sarah.garcia165@company.com,Sales,109876,28,2013-11-01,False
166,Matthew,Davis,chris.miller166@company.com,Engineering,93785,53,2017-08-29,False
167,Emily,Jones,jessica.davis167@company.com,HR,79639,58,2011-11-02,True
168,Amanda,Rodriguez,matthew.rodriguez168@company.com,Sales,133782,53,2012-03-05,False
169,Jane,Martinez,amanda.martinez169@company.com,Sales,95527,64,2020-03-06,True
170,Amanda,Jones,john.smith170@company.com,Engineering,76874,24,2023-12-06,True
171,Jessica,Johnson,jane.johnson171@company.com,Sales,126217,46,2016-06-14,False
172,Michael,Rodriguez,michael.williams172@company.com,Finance,143801,63,2012-10-17,True
173,Jessica,Rodriguez,emily.brown173@company.com,Sales,139918,37,2022-01-02,True
174,Emily,Davis,david.jones174@company.com,Engineering,132218,24,2014-07-04,True
175,Matthew,Williams,sarah.garcia175@company.com,Finance,124200,37,2013-01-20,False
176,David,Williams,chris.miller176@company.com,Sales,140010,60,2013-06-17,False
177,Jane,Martinez,jessica.davis177@company.com,Operations,94036,36,2018-11-04,False
178,John,Williams,matthew.rodriguez178@company.com,Finance,71570,22,2016-12-31,True
179,David,Martinez,amanda.martinez179@company.com,Sales,72842,39,2022-08-30,False
180,David,Brown,john.smith180@company.com,HR,67402,65,2020-12-22,False
181,Matthew,Johnson,jane.johnson181@company.com,Engineering,116789,33,2010-11-08,True
182,Matthew,Garcia,michael.williams182@company.com,Finance,121903,37,2011-06-18,False
183,Chris,Williams,emily.brown183@company.com,Finance,67354,55,2015-12-06,False
184,John,Johnson,david.jones184@company.com,Sales,124314,42,2014-08-09,False
185,Amanda,Smith,sarah.garcia185@company.com,Marketing,63135,40,2011-08-07,True
186,Sarah,Davis,chris.miller186@company.com,Operations,120861,25,2017-03-31,True
187,Chris,Johnson,jessica.davis187@company.com,HR,122884,40,2023-07-15,False
188,Emily,Brown,matthew.rodriguez188@company.com,Operations,56993,58,2013-03-09,False
189,Matthew,Rodriguez,amanda.martinez189@company.com,HR,140963,57,2015-04-04,False
190,Sarah,Jones,john.smith190@company.com,Sales,96626,44,2023-06-23,True
191,John,Smith,jane.johnson191@company.com,Sales,53750,30,2019-10-01,True
192,Emily,Williams,michael.williams192@company.com,Operations,114368,55,2011-03-31,False
193,Sarah,Garcia,emily.brown193@company.com,Finance,118437,35,2011-09-14,True
194,Jane,Williams,david.jones194@company.com,Operations,58632,51,2011-06-10,False
195,Chris,Williams,sarah.garcia195@company.com,Engineering,52351,26,2014-03-19,True
196,Amanda,Davis,chris.miller196@company.com,Sales,94052,41,2018-07-09,False
197,Amanda,Davis,jessica.davis197@company.com,HR,61906,61,2013-02-15,False
198,Amanda,Davis,matthew.rodriguez198@company.com,Sales,70855,30,2016-07-22,True
199,Jane,Garcia,amanda.martinez199@company.com,Marketing,147640,43,2011-08-08,False
200,Michael,Jones,john.smith200@company.com,Operations,90354,56,2016-10-05,True
201,Jessica,Rodriguez,jane.johnson201@company.com,HR,94449,64,2020-11-27,True
202,David,Miller,michael.williams202@company.com,Finance,145467,32,2023-06-08,False
203,Emily,Garcia,emily.brown203@company.com,Sales,124457,57,2020-11-29,True
204,Sarah,Martinez,david.jones204@company.com,Finance,142122,27,2014-08-15,False
205,Amanda,Williams,sarah.garcia205@company.com,Finance,116849,29,2020-01-28,False
206,Jane,Jones,chris.miller206@company.com,Operations,98408,53,2014-01-28,False
207,Jane,Miller,jessica.davis207@company.com,Operations,118046,61,2012-11-23,True
208,John,Garcia,matthew.rodriguez208@company.com,Marketing,131004,58,2018-06-15,False
209,Matthew,Miller,amanda.martinez209@company.com,Operations,147773,35,2015-07-13,False
210,David,Smith,john.smith210@company.com,Marketing,70858,54,2022-11-28,True
211,John,Williams,jane.johnson211@company.com,Sales,134211,58,2021-09-27,False
212,Emily,Brown,michael.williams212@company.com,Operations,87004,53,2014-11-27,True
213,Jane,Smith,emily.brown213@company.com,Operations,52131,42,2021-04-05,False
214,Chris,Davis,david.jones214@company.com,Engineering,81195,32,2010-12-30,True
215,David,Smith,sarah.garcia215@company.com,Sales,73376,49,2016-03-11,True
216,Jessica,Garcia,chris.miller216@company.com,Operations,71969,29,2016-07-17,True
217,Amanda,Brown,jessica.davis217@company.com,HR,125271,52,2021-03-25,False
218,Matthew,Jones,matthew.rodriguez218@company.com,Marketing,63252,57,2023-07-28,True
219,Emily,Williams,amanda.martinez219@company.com,Operations,112085,53,2016-08-18,True
220,Emily,Miller,john.smith220@company.com,Engineering,130988,34,2020-12-27,False
221,Sarah,Davis,jane.johnson221@company.com,Engineering,118219,44,2016-09-20,True
222,David,Smith,michael.williams222@company.com,Marketing,62298,42,2021-09-23,False
223,Michael,Williams,emily.brown223@company.com,Sales,73529,28,2019-08-13,True
224,Amanda,Williams,david.jones224@company.com,Operations,81679,34,2020-12-05,True
225,Michael,Smith,sarah.garcia225@company.com,Operations,105318,24,2020-11-30,True
226,Jessica,Johnson,chris.miller226@company.com,Finance,76043,49,2021-01-17,False
227,John,Garcia,jessica.davis227@company.com,Finance,52219,49,2016-05-12,True
228,Sarah,Garcia,matthew.rodriguez228@company.com,HR,132865,32,2021-03-31,True
229,Jessica,Jones,amanda.martinez229@company.com,Sales,112822,64,2016-09-25,True
230,Matthew,Johnson,john.smith230@company.com,Operations,95110,47,2021-05-04,False
231,David,Williams,jane.johnson231@company.com,Sales,147157,22,2022-04-05,False
232,Matthew,Jones,michael.williams232@company.com,Marketing,68244,56,2022-11-17,True
233,Sarah,Rodriguez,emily.brown233@company.com,HR,128425,40,2018-09-15,False
234,Emily,Brown,david.jones234@company.com,Engineering,73777,48,2020-11-19,False
235,John,Rodriguez,sarah.garcia235@company.com,Finance,85173,47,2015-02-03,False
236,Jane,Miller,chris.miller236@company.com,Finance,104014,37,2017-05-23,True
237,Emily,Miller,jessica.davis237@company.com,Marketing,90862,65,2013-05-18,True
238,Jane,Johnson,matthew.rodriguez238@company.com,Operations,80472,56,2014-04-26,False
239,Matthew,Johnson,amanda.martinez239@company.com,Marketing,50885,64,2010-04-02,False
240,Jessica,Garcia,john.smith240@company.com,HR,81807,23,2011-11-07,True
241,Emily,Martinez,jane.johnson241@company.com,Finance,69109,40,2022-07-17,True
242,Jessica,Davis,michael.williams242@company.com,Sales,115943,34,2010-12-22,True
243,Sarah,Miller,emily.brown243@company.com,HR,107605,37,2013-04-29,False
244,John,Williams,david.jones244@company.com,Sales,100774,34,2012-06-29,True
245,David,Martinez,sarah.garcia245@company.com,Sales,108655,43,2021-04-22,False
246,Jessica,Garcia,chris.miller246@company.com,HR,89418,65,2011-11-03,False
247,Chris,Smith,jessica.davis247@company.com,Engineering,143540,54,2018-03-20,False
248,Emily,Williams,matthew.rodriguez248@company.com,HR,94871,38,2013-05-19,False
249,David,Miller,amanda.martinez249@company.com,Marketing,129733,49,2013-07-29,True
250,David,Smith,john.smith250@company.com,Marketing,68635,28,2018-04-19,True
251,David,Martinez,jane.johnson251@company.com,Engineering,116073,57,2013-06-10,False
252,Chris,Williams,michael.williams252@company.com,Finance,103912,45,2022-05-22,True
253,Chris,Miller,emily.brown253@company.com,Sales,78360,59,2018-09-25,False
254,Sarah,Miller,david.jones254@company.com,Engineering,59087,29,2014-06-21,True
255,Chris,Williams,sarah.garcia255@company.com,Sales,109274,65,2013-07-22,False
256,Matthew,Miller,chris.miller256@company.com,Operations,143308,62,2017-10-03,False
257,John,Garcia,jessica.davis257@company.com,HR,148258,49,2023-11-04,True
258,Sarah,Davis,matthew.rodriguez258@company.com,HR,83531,38,2013-08-03,False
259,Amanda,Rodriguez,amanda.martinez259@company.com,Engineering,68557,33,2016-02-24,False
260,Emily,Miller,john.smith260@company.com,HR,102141,28,2021-09-03,False
261,Jane,Rodriguez,jane.johnson261@company.com,Operations,95085,62,2010-05-13,True
262,Michael,Martinez,michael.williams262@company.com,Operations,128659,27,2015-08-11,False
263,Michael,Davis,emily.brown263@company.com,Operations,132519,31,2013-11-16,True
264,John,Garcia,david.jones264@company.com,HR,102534,31,2019-02-22,False
265,Emily,Smith,sarah.garcia265@company.com,HR,114147,36,2010-04-29,False
266,Michael,Davis,chris.miller266@company.com,Engineering,55351,44,2020-12-07,False
267,Amanda,Rodriguez,jessica.davis267@company.com,Sales,115985,62,2018-10-14,True
268,Sarah,Miller,matthew.rodriguez268@company.com,Operations,75010,39,2023-03-31,False
269,Emily,Williams,amanda.martinez269@company.com,Engineering,71026,58,2018-03-22,True
270,John,Martinez,john.smith270@company.com,Finance,125103,58,2013-10-28,False
271,Amanda,Williams,jane.johnson271@company.com,Marketing,122736,58,2012-09-20,True
272,Jane,Davis,michael.williams272@company.com,Operations,87122,23,2017-11-28,True
273,Jane,Martinez,emily.brown273@company.com,HR,86637,38,2015-12-17,True
274,Jessica,Smith,david.jones274@company.com,Marketing,98164,61,2019-02-27,False
275,Michael,Miller,sarah.garcia275@company.com,Engineering,52873,50,2020-03-13,True
276,Sarah,Brown,chris.miller276@company.com,Finance,118595,42,2011-11-16,True
277,John,Smith,jessica.davis277@company.com,Operations,59299,53,2014-06-13,True
278,Sarah,Jones,matthew.rodriguez278@company.com,Engineering,94664,41,2021-05-12,False
279,John,Brown,amanda.martinez279@company.com,Engineering,85695,48,2017-04-27,True
280,David,Davis,john.smith280@company.com,Sales,142405,41,2018-03-29,False
281,Jane,Garcia,jane.johnson281@company.com,Marketing,143490,31,2010-04-01,True
282,Jessica,Jones,michael.williams282@company.com,Operations,68935,34,2012-03-09,False
283,Chris,Johnson,emily.brown283@company.com,HR,95870,45,2017-11-12,False
284,Jessica,Brown,david.jones284@company.com,Operations,80005,56,2010-06-27,False
285,Amanda,Garcia,sarah.garcia285@company.com,Marketing,122681,27,2018-03-02,False
286,Sarah,Johnson,chris.miller286@company.com,HR,82823,26,2016-01-16,False
287,David,Brown,jessica.davis287@company.com,Sales,101629,65,2022-10-31,True
288,Jane,Garcia,matthew.rodriguez288@company.com,Engineering,109167,30,2011-04-18,True
289,David,Rodriguez,amanda.martinez289@company.com,Engineering,103684,39,2016-12-09,False
290,John,Johnson,john.smith290@company.com,Operations,107006,30,2012-03-12,True
291,David,Miller,jane.johnson291@company.com,Finance,80336,64,2013-06-15,True
292,David,Williams,michael.williams292@company.com,Operations,85555,62,2011-05-21,True
293,John,Martinez,emily.brown293@company.com,Sales,74363,39,2019-03-17,False
294,Michael,Miller,david.jones294@company.com,Marketing,127510,38,2014-05-24,True
295,Emily,Jones,sarah.garcia295@company.com,Sales,110858,42,2013-12-25,False
296,David,Smith,chris.miller296@company.com,Engineering,93006,42,2019-02-05,False
297,Sarah,Williams,jessica.davis297@company.com,Marketing,60459,55,2016-04-17,True
298,Chris,Johnson,matthew.rodriguez298@company.com,HR,138135,29,2012-12-13,False
299,Matthew,Johnson,amanda.martinez299@company.com,Engineering,68576,27,2019-08-23,True
300,David,Johnson,john.smith300@company.com,Finance,62081,24,2015-07-30,True
301,Matthew,Brown,jane.johnson301@company.com,HR,131999,64,2022-02-22,True
302,Matthew,Smith,michael.williams302@company.com,HR,106118,36,2010-06-01,False
303,Chris,Davis,emily.brown303@company.com,Finance,84092,54,2011-06-21,False
304,Amanda,Davis,david.jones304@company.com,Operations,99547,35,2017-09-16,True
305,Michael,Miller,sarah.garcia305@company.com,Sales,111195,46,2013-10-09,True
306,Jessica,Williams,chris.miller306@company.com,Marketing,74187,31,2022-03-04,True
307,Sarah,Williams,jessica.davis307@company.com,Sales,127501,36,2010-06-09,True
308,David,Martinez,matthew.rodriguez308@company.com,HR,149781,28,2021-01-03,True
309,Emily,Brown,amanda.martinez309@company.com,HR,121658,27,2013-03-14,False
310,Jessica,Garcia,john.smith310@company.com,Marketing,104867,44,2020-05-19,False
311,Chris,Smith,jane.johnson311@company.com,Sales,78005,32,2019-05-07,True
312,Jessica,Rodriguez,michael.williams312@company.com,Sales,91583,48,2016-05-27,True
313,Michael,Miller,emily.brown313@company.com,HR,60971,41,2012-03-21,True
314,David,Johnson,david.jones314@company.com,Sales,110795,28,2013-11-06,True
315,Amanda,Garcia,sarah.garcia315@company.com,Finance,85572,28,2014-04-16,True
316,David,Williams,chris.miller316@company.com,Operations,106678,36,2014-01-06,False
317,Emily,Brown,jessica.davis317@company.com,Marketing,54110,59,2023-10-03,True
318,Emily,Jones,matthew.rodriguez318@company.com,HR,91280,40,2012-04-20,True
319,Emily,Smith,amanda.martinez319@company.com,Operations,82308,62,2017-03-29,False
320,Matthew,Martinez,john.smith320@company.com,Engineering,103740,57,2013-10-24,True
321,Sarah,Brown,jane.johnson321@company.com,Sales,134079,40,2012-05-28,True
322,Jessica,Smith,michael.williams322@company.com,Operations,99079,33,2012-12-19,True
323,Michael,Brown,emily.brown323@company.com,Marketing,126732,63,2011-03-31,False
324,Jane,Martinez,david.jones324@company.com,Operations,84290,48,2014-08-23,False
325,David,Martinez,sarah.garcia325@company.com,Operations,116448,61,2018-03-05,False
326,Jane,Williams,chris.miller326@company.com,Marketing,113448,50,2011-07-01,False
327,Jessica,Williams,jessica.davis327@company.com,Finance,99659,40,2013-03-09,True
328,Chris,Johnson,matthew.rodriguez328@company.com,Engineering,78619,44,2022-08-12,False
329,Jessica,Miller,amanda.martinez329@company.com,HR,101717,40,2010-12-10,False
330,Jessica,Miller,john.smith330@company.com,Sales,143530,37,2012-08-19,False
331,Michael,Jones,jane.johnson331@company.com,Marketing,118035,36,2017-09-11,False
332,Sarah,Johnson,michael.williams332@company.com,Sales,103570,62,2020-02-27,True
333,Jessica,Smith,emily.brown333@company.com,Sales,65204,51,2013-06-21,False
334,Michael,Williams,david.jones334@company.com,Operations,54454,48,2012-02-17,False
335,Amanda,Rodriguez,sarah.garcia335@company.com,Marketing,66255,27,2018-09-06,False
336,Michael,Williams,chris.miller336@company.com,Engineering,59056,39,2010-11-02,True
337,Matthew,Miller,jessica.davis337@company.com,Engineering,119297,64,2016-01-21,True
338,Chris,Davis,matthew.rodriguez338@company.com,Sales,68771,63,2018-01-23,True
339,Jessica,Jones,amanda.martinez339@company.com,Operations,148933,60,2020-10-10,True
340,Amanda,Miller,john.smith340@company.com,Sales,88617,39,2015-05-23,False
341,Emily,Rodriguez,jane.johnson341@company.com,HR,84037,42,2023-07-13,False
342,David,Rodriguez,michael.williams342@company.com,HR,83316,42,2013-01-02,False
343,Sarah,Smith,emily.brown343@company.com,HR,132579,39,2017-06-27,False
344,Chris,Rodriguez,david.jones344@company.com,Finance,66115,38,2022-12-06,False
345,Michael,Smith,sarah.garcia345@company.com,Engineering,74154,31,2010-01-21,True
346,Chris,Garcia,chris.miller346@company.com,HR,97238,33,2023-03-06,True
347,Emily,Williams,jessica.davis347@company.com,Finance,103176,37,2020-05-11,False
348,Michael,Martinez,matthew.rodriguez348@company.com,Sales,52433,52,2012-01-31,False
349,Michael,Smith,amanda.martinez349@company.com,HR,94220,65,2019-03-08,False
350,Chris,Davis,john.smith350@company.com,HR,123100,45,2012-08-17,True
351,Michael,Rodriguez,jane.johnson351@company.com,Marketing,148771,46,2017-05-20,False
352,David,Smith,michael.williams352@company.com,Marketing,51541,28,2018-03-30,False
353,David,Brown,emily.brown353@company.com,Marketing,115583,62,2016-07-17,True
354,John,Martinez,david.jones354@company.com,Sales,125523,56,2021-10-25,False
355,David,Williams,sarah.garcia355@company.com,Finance,130588,59,2010-11-14,False
356,Sarah,Miller,chris.miller356@company.com,Operations,130919,25,2023-12-02,True
357,David,Miller,jessica.davis357@company.com,Operations,106647,48,2018-12-28,False
358,David,Williams,matthew.rodriguez358@company.com,Operations,149575,40,2022-11-13,True
359,Michael,Smith,amanda.martinez359@company.com,Finance,94254,60,2017-08-02,False
360,Michael,Williams,john.smith360@company.com,Sales,107350,48,2023-01-20,False
361,Jessica,Brown,jane.johnson361@company.com,Marketing,111182,40,2023-06-14,False
362,Michael,Johnson,michael.williams362@company.com,Finance,146123,32,2010-04-10,False
363,David,Brown,emily.brown363@company.com,Finance,90375,48,2019-08-22,False
364,John,Smith,david.jones364@company.com,Sales,136803,53,2021-10-22,False
365,Matthew,Garcia,sarah.garcia365@company.com,Finance,51630,22,2017-11-26,True
366,Jane,Brown,chris.miller366@company.com,Sales,76263,26,2011-06-13,False
367,Sarah,Brown,jessica.davis367@company.com,Engineering,136895,22,2020-08-26,False
368,David,Smith,matthew.rodriguez368@company.com,Finance,51271,55,2022-05-24,True
369,Jessica,Smith,amanda.martinez369@company.com,Engineering,71591,50,2010-04-27,False
370,Amanda,Davis,john.smith370@company.com,Finance,129771,25,2022-04-19,True
371,John,Williams,jane.johnson371@company.com,Finance,75238,41,2012-08-25,True
372,David,Martinez,michael.williams372@company.com,Sales,93731,53,2015-10-26,True
373,Amanda,Martinez,emily.brown373@company.com,Operations,140977,64,2013-08-28,True
374,Emily,Rodriguez,david.jones374@company.com,Engineering,107823,40,2019-09-26,False
375,Chris,Smith,sarah.garcia375@company.com,Engineering,67586,40,2021-05-18,False
376,Chris,Jones,chris.miller376@company.com,Operations,146176,31,2010-02-03,False
377,John,Davis,jessica.davis377@company.com,Sales,142493,28,2019-08-11,False
378,Chris,Smith,matthew.rodriguez378@company.com,HR,148974,54,2015-09-04,False
379,Jane,Brown,amanda.martinez379@company.com,HR,143904,26,2019-05-18,False
380,Matthew,Brown,john.smith380@company.com,Engineering,95811,44,2019-04-30,False
381,Emily,Davis,jane.johnson381@company.com,HR,134584,41,2018-05-14,True
382,Jane,Davis,michael.williams382@company.com,Engineering,130611,36,2019-12-12,True
383,John,Rodriguez,emily.brown383@company.com,Sales,73221,62,2010-07-17,False
384,Chris,Jones,david.jones384@company.com,Finance,109951,35,2011-12-13,False
385,Michael,Rodriguez,sarah.garcia385@company.com,Sales,129020,45,2018-11-24,False
386,Sarah,Garcia,chris.miller386@company.com,Finance,133412,64,2022-09-04,True
387,Chris,Brown,jessica.davis387@company.com,HR,54697,50,2023-11-14,True
388,Sarah,Brown,matthew.rodriguez388@company.com,HR,124511,52,2012-09-24,False
389,David,Brown,amanda.martinez389@company.com,HR,149466,56,2021-08-02,True
390,Jane,Smith,john.smith390@company.com,HR,85252,28,2023-09-03,False
391,Sarah,Brown,jane.johnson391@company.com,HR,55728,30,2011-04-27,True
392,Emily,Johnson,michael.williams392@company.com,Sales,129401,32,2022-05-13,True
393,Michael,Brown,emily.brown393@company.com,Sales,126711,30,2011-02-07,False
394,Jessica,Johnson,david.jones394@company.com,Operations,102606,28,2011-07-06,True
395,Matthew,Miller,sarah.garcia395@company.com,Finance,106394,47,2014-05-03,False
396,Chris,Williams,chris.miller396@company.com,Operations,104442,64,2023-10-14,True
397,Sarah,Brown,jessica.davis397@company.com,Marketing,142405,23,2017-02-22,True
398,Emily,Garcia,matthew.rodriguez398@company.com,Finance,85257,60,2015-09-11,True
399,Jessica,Williams,amanda.martinez399@company.com,Sales,60402,41,2022-06-30,False
400,Jane,Smith,john.smith400@company.com,Sales,129249,45,2018-02-06,False
401,Matthew,Garcia,jane.johnson401@company.com,Finance,127633,46,2022-10-15,False
402,Chris,Brown,michael.williams402@company.com,HR,85967,64,2020-02-26,False
403,David,Jones,emily.brown403@company.com,HR,63150,53,2016-07-03,True
404,Matthew,Martinez,david.jones404@company.com,HR,50773,50,2022-04-21,False
405,Michael,Jones,sarah.garcia405@company.com,Finance,67259,32,2019-09-10,False
406,Chris,Jones,chris.miller406@company.com,Engineering,145416,46,2020-05-09,True
407,Sarah,Jones,jessica.davis407@company.com,Marketing,107890,46,2012-09-29,False
408,Matthew,Smith,matthew.rodriguez408@company.com,Sales,108403,36,2018-05-20,False
409,Sarah,Rodriguez,amanda.martinez409@company.com,Finance,56314,59,2017-09-13,False
410,Matthew,Miller,john.smith410@company.com,HR,100688,40,2022-09-23,False
411,Michael,Williams,jane.johnson411@company.com,Finance,126864,44,2017-01-10,True
412,Jane,Brown,michael.williams412@company.com,Operations,100193,25,2013-12-17,True
413,John,Johnson,emily.brown413@company.com,Operations,116950,63,2020-03-02,False
414,Jessica,Smith,david.jones414@company.com,Finance,53237,28,2011-03-13,True
415,Chris,Martinez,sarah.garcia415@company.com,Engineering,110010,59,2020-12-12,False
416,John,Miller,chris.miller416@company.com,Engineering,117836,59,2013-12-08,True
417,Chris,Johnson,jessica.davis417@company.com,Operations,85119,45,2020-01-09,False
418,Sarah,Williams,matthew.rodriguez418@company.com,Operations,74689,51,2011-01-26,True
419,John,Davis,amanda.martinez419@company.com,Engineering,97253,44,2013-03-26,False
420,Matthew,Jones,john.smith420@company.com,Sales,138204,41,2017-04-15,False
421,Sarah,Brown,jane.johnson421@company.com,Sales,63924,27,2014-03-31,True
422,Emily,Brown,michael.williams422@company.com,HR,104656,63,2022-08-08,True
423,Chris,Smith,emily.brown423@company.com,HR,134441,39,2011-02-23,True
424,Emily,Johnson,david.jones424@company.com,Operations,75477,42,2017-08-15,True
425,Chris,Miller,sarah.garcia425@company.com,Engineering,89060,31,2012-04-07,False
426,Emily,Brown,chris.miller426@company.com,Engineering,55668,22,2010-01-16,False
427,Jessica,Johnson,jessica.davis427@company.com,Engineering,109936,47,2016-12-19,False
428,Amanda,Garcia,matthew.rodriguez428@company.com,Finance,136723,41,2011-06-21,True
429,Sarah,Brown,amanda.martinez429@company.com,HR,112183,42,2018-11-02,True
430,Jane,Garcia,john.smith430@company.com,Engineering,59318,41,2018-01-10,True
431,Amanda,Jones,jane.johnson431@company.com,Sales,86277,53,2014-02-11,True
432,Chris,Brown,michael.williams432@company.com,Sales,139189,57,2021-02-22,False
433,Emily,Smith,emily.brown433@company.com,Sales,122627,40,2019-08-10,True
434,Jane,Garcia,david.jones434@company.com,Finance,79992,40,2015-04-20,False
435,Emily,Davis,sarah.garcia435@company.com,Operations,118596,45,2019-09-15,True
436,Michael,Jones,chris.miller436@company.com,HR,56171,57,2014-05-25,True
437,Emily,Garcia,jessica.davis437@company.com,Operations,94968,61,2010-04-17,True
438,Emily,Johnson,matthew.rodriguez438@company.com,HR,144392,49,2017-10-31,False
439,Michael,Johnson,amanda.martinez439@company.com,HR,66502,62,2016-09-10,False
440,Sarah,Williams,john.smith440@company.com,Operations,95873,27,2015-06-24,True
441,Emily,Jones,jane.johnson441@company.com,Sales,111619,53,2022-10-27,False
442,Michael,Johnson,michael.williams442@company.com,Engineering,65000,23,2017-06-10,True
443,Matthew,Brown,emily.brown443@company.com,HR,109021,27,2013-01-11,True
444,David,Miller,david.jones444@company.com,Sales,134120,61,2014-03-15,False
445,Chris,Smith,sarah.garcia445@company.com,Operations,85059,37,2022-07-08,False
446,John,Martinez,chris.miller446@company.com,Engineering,121186,31,2018-01-17,True
447,Amanda,Rodriguez,jessica.davis447@company.com,Sales,82314,28,2022-08-10,True
448,Emily,Miller,matthew.rodriguez448@company.com,Sales,142006,58,2022-11-27,False
449,Emily,Brown,amanda.martinez449@company.com,HR,103470,59,2010-11-16,False
450,David,Davis,john.smith450@company.com,Marketing,122343,39,2022-01-09,False
451,Jane,Garcia,jane.johnson451@company.com,Operations,112629,55,2019-01-18,False
452,John,Johnson,michael.williams452@company.com,Operations,85472,50,2023-02-13,True
453,Amanda,Williams,emily.brown453@company.com,HR,77088,32,2017-04-07,True
454,Jane,Johnson,david.jones454@company.com,Sales,91045,29,2018-03-06,True
455,Matthew,Martinez,sarah.garcia455@company.com,Operations,113513,41,2013-04-08,False
456,Jane,Miller,chris.miller456@company.com,Operations,89830,36,2016-07-02,True
457,Michael,Jones,jessica.davis457@company.com,Sales,67327,56,2013-04-25,True
458,John,Miller,matthew.rodriguez458@company.com,Finance,87276,36,2022-02-21,False
459,Jessica,Miller,amanda.martinez459@company.com,Engineering,75019,41,2019-01-29,False
460,Emily,Johnson,john.smith460@company.com,Operations,97563,47,2011-03-02,True
461,John,Williams,jane.johnson461@company.com,Engineering,82562,53,2014-08-11,False
462,Amanda,Jones,michael.williams462@company.com,Sales,63078,40,2022-03-05,False
463,Amanda,Davis,emily.brown463@company.com,Operations,133650,64,2015-01-16,True
464,Jane,Smith,david.jones464@company.com,Engineering,129839,41,2021-10-31,True
465,John,Martinez,sarah.garcia465@company.com,Marketing,76108,45,2010-02-03,True
466,Michael,Davis,chris.miller466@company.com,Sales,74000,44,2023-08-02,True
467,Emily,Smith,jessica.davis467@company.com,Engineering,123184,22,2019-01-14,False
468,Amanda,Smith,matthew.rodriguez468@company.com,Sales,142503,57,2018-08-05,False
469,Matthew,Garcia,amanda.martinez469@company.com,HR,123284,28,2011-05-01,True
470,Matthew,Johnson,john.smith470@company.com,Finance,54349,62,2017-05-15,False
471,Jessica,Williams,jane.johnson471@company.com,Sales,133802,58,2014-03-05,True
472,Michael,Davis,michael.williams472@company.com,HR,116254,49,2012-08-01,False
473,Jane,Williams,emily.brown473@company.com,Marketing,119269,49,2014-09-11,True
474,Amanda,Martinez,david.jones474@company.com,Engineering,116423,33,2022-01-16,False
475,Sarah,Jones,sarah.garcia475@company.com,Engineering,50349,55,2019-01-28,True
476,Matthew,Garcia,chris.miller476@company.com,HR,75436,55,2010-12-26,False
477,Jane,Rodriguez,jessica.davis477@company.com,Finance,123387,65,2010-09-18,False
478,Sarah,Johnson,matthew.rodriguez478@company.com,Sales,132753,33,2014-12-22,False
479,Chris,Brown,amanda.martinez479@company.com,Operations,76011,56,2010-09-05,True
480,Amanda,Martinez,john.smith480@company.com,Marketing,94231,42,2011-08-13,True
481,David,Johnson,jane.johnson481@company.com,Operations,141996,62,2023-07-02,False
482,Amanda,Davis,michael.williams482@company.com,Operations,57543,54,2019-10-22,False
483,John,Smith,emily.brown483@company.com,Finance,116761,29,2023-06-21,False
484,Chris,Miller,david.jones484@company.com,Engineering,119512,47,2013-05-24,True
485,David,Jones,sarah.garcia485@company.com,Engineering,121330,54,2019-04-21,False
486,Matthew,Williams,chris.miller486@company.com,HR,112544,42,2019-11-12,False
487,Emily,Garcia,jessica.davis487@company.com,Sales,83680,64,2013-03-24,True
488,Jessica,Martinez,matthew.rodriguez488@company.com,Engineering,74129,53,2015-09-09,True
489,Matthew,Williams,amanda.martinez489@company.com,Finance,141404,58,2020-10-03,False
490,John,Miller,john.smith490@company.com,Sales,144050,32,2011-03-15,False
491,Amanda,Martinez,jane.johnson491@company.com,Finance,102224,38,2016-05-22,True
492,John,Johnson,michael.williams492@company.com,Marketing,138985,55,2015-10-12,False
493,Chris,Martinez,emily.brown493@company.com,Marketing,110018,58,2021-04-14,False
494,Jane,Davis,david.jones494@company.com,Marketing,82491,41,2019-03-06,True
495,Chris,Miller,sarah.garcia495@company.com,Operations,52655,59,2019-01-19,False
496,John,Davis,chris.miller496@company.com,HR,78206,58,2021-10-22,True
497,John,Garcia,jessica.davis497@company.com,Engineering,64282,30,2011-10-16,True
498,Emily,Miller,matthew.rodriguez498@company.com,Marketing,103228,54,2016-06-24,False
499,Matthew,Williams,amanda.martinez499@company.com,Marketing,109689,22,2016-10-23,True
500,Chris,Jones,john.smith500@company.com,Sales,69173,56,2017-01-22,False
501,John,Rodriguez,jane.johnson501@company.com,Finance,114826,23,2011-10-14,True
502,Michael,Johnson,michael.williams502@company.com,Marketing,93829,24,2017-03-29,True
503,Jessica,Jones,emily.brown503@company.com,Operations,114011,37,2019-01-29,True
504,Emily,Garcia,david.jones504@company.com,HR,126071,65,2011-02-25,True
505,John,Miller,sarah.garcia505@company.com,Marketing,140602,44,2017-10-17,True
506,Emily,Garcia,chris.miller506@company.com,Operations,102464,54,2013-04-29,True
507,Jessica,Brown,jessica.davis507@company.com,Engineering,100568,47,2014-07-02,False
508,John,Davis,matthew.rodriguez508@company.com,Sales,102898,52,2020-06-16,False
509,John,Garcia,amanda.martinez509@company.com,Sales,79023,56,2021-10-03,False
510,Matthew,Smith,john.smith510@company.com,Operations,123198,24,2020-02-24,False
511,Chris,Smith,jane.johnson511@company.com,Marketing,142607,31,2010-09-30,False
512,David,Brown,michael.williams512@company.com,Engineering,71397,50,2011-08-04,False
513,John,Johnson,emily.brown513@company.com,Marketing,94818,42,2014-04-28,False
514,Michael,Garcia,david.jones514@company.com,Marketing,60521,65,2021-12-10,False
515,David,Smith,sarah.garcia515@company.com,Engineering,65906,35,2023-06-04,True
516,Chris,Miller,chris.miller516@company.com,HR,122680,42,2013-04-20,False
517,Amanda,Martinez,jessica.davis517@company.com,HR,78101,37,2019-05-25,False
518,John,Jones,matthew.rodriguez518@company.com,Operations,131116,58,2019-04-24,True
519,Jessica,Smith,amanda.martinez519@company.com,Finance,107426,24,2011-07-27,False
520,Michael,Martinez,john.smith520@company.com,Marketing,83412,43,2014-06-05,False
521,John,Johnson,jane.johnson521@company.com,Operations,144472,42,2017-08-22,True
522,Chris,Smith,michael.williams522@company.com,HR,106792,38,2018-05-25,False
523,Jessica,Miller,emily.brown523@company.com,Operations,101062,58,2020-01-24,True
524,Matthew,Jones,david.jones524@company.com,HR,128513,43,2012-05-17,True
525,Jane,Williams,sarah.garcia525@company.com,Marketing,84632,49,2015-05-30,False
526,David,Davis,chris.miller526@company.com,HR,77046,46,2019-05-04,False
527,Sarah,Johnson,jessica.davis527@company.com,Marketing,133501,62,2023-06-20,False
528,Jessica,Martinez,matthew.rodriguez528@company.com,Sales,121407,26,2017-05-04,False
529,Sarah,Smith,amanda.martinez529@company.com,Engineering,103484,40,2021-10-02,True
530,David,Jones,john.smith530@company.com,Finance,70912,30,2020-10-03,False
531,Emily,Davis,jane.johnson531@company.com,Engineering,88942,55,2020-09-22,False
532,Jane,Martinez,michael.williams532@company.com,HR,108822,57,2016-03-16,False
533,Amanda,Williams,emily.brown533@company.com,HR,91831,40,2019-08-20,False
534,Michael,Johnson,david.jones534@company.com,Marketing,111288,55,2013-09-27,False
535,Jane,Williams,sarah.garcia535@company.com,Sales,90214,65,2012-01-13,True
536,Chris,Johnson,chris.miller536@company.com,Finance,120749,43,2019-01-02,True
537,Chris,Jones,jessica.davis537@company.com,Marketing,109442,47,2013-09-24,True
538,Jane,Davis,matthew.rodriguez538@company.com,Operations,138222,37,2014-10-07,True
539,Amanda,Martinez,amanda.martinez539@company.com,Engineering,53534,40,2012-03-01,False
540,Michael,Jones,john.smith540@company.com,Sales,72453,56,2017-07-19,True
541,Matthew,Miller,jane.johnson541@company.com,Sales,96857,40,2017-08-26,False
542,Emily,Jones,michael.williams542@company.com,HR,86992,44,2011-10-20,True
543,Sarah,Garcia,emily.brown543@company.com,Operations,143069,26,2017-07-04,False
544,Michael,Brown,david.jones544@company.com,Sales,52513,42,2018-02-04,True
545,Michael,Johnson,sarah.garcia545@company.com,Operations,123028,31,2013-02-05,True
546,David,Davis,chris.miller546@company.com,Sales,149814,26,2011-09-08,False
547,Jane,Johnson,jessica.davis547@company.com,Marketing,51984,43,2015-07-08,True
548,John,Davis,matthew.rodriguez548@company.com,Engineering,137631,40,2017-01-17,False
549,Amanda,Martinez,amanda.martinez549@company.com,Operations,53325,44,2010-07-17,True
550,Matthew,Garcia,john.smith550@company.com,Operations,84146,27,2021-05-03,False
551,Jessica,Jones,jane.johnson551@company.com,Marketing,63262,56,2019-08-14,True
552,Jane,Davis,michael.williams552@company.com,Finance,142635,51,2023-09-15,True
553,Emily,Jones,emily.brown553@company.com,Marketing,96791,63,2017-03-02,False
554,Jessica,Miller,david.jones554@company.com,HR,115035,33,2021-05-26,True
555,Jessica,Williams,sarah.garcia555@company.com,Operations,113743,38,2019-01-30,False
556,David,Martinez,chris.miller556@company.com,Marketing,75872,22,2022-08-23,True
557,Emily,Miller,jessica.davis557@company.com,HR,92877,61,2019-08-31,True
558,Jessica,Rodriguez,matthew.rodriguez558@company.com,Operations,63913,53,2020-02-24,False
559,Sarah,Rodriguez,amanda.martinez559@company.com,Marketing,94167,45,2016-01-28,False
560,Emily,Johnson,john.smith560@company.com,Finance,65301,57,2022-01-09,False
561,Michael,Jones,jane.johnson561@company.com,Sales,147479,49,2012-02-19,False
562,Jessica,Williams,michael.williams562@company.com,Sales,144757,50,2011-09-14,True
563,Matthew,Jones,emily.brown563@company.com,Sales,102794,47,2016-02-22,True
564,Michael,Johnson,david.jones564@company.com,HR,104448,33,2018-12-06,True
565,Jessica,Miller,sarah.garcia565@company.com,HR,55347,29,2014-10-31,False
566,Matthew,Smith,chris.miller566@company.com,Operations,99501,24,2013-07-17,True
567,Jane,Martinez,jessica.davis567@company.com,HR,50618,54,2018-11-30,False
568,Matthew,Brown,matthew.rodriguez568@company.com,Operations,137801,40,2013-04-26,True
569,Jane,Davis,amanda.martinez569@company.com,Sales,142793,35,2013-04-15,True
570,Jane,Jones,john.smith570@company.com,Marketing,108877,43,2017-04-17,False
571,Sarah,Brown,jane.johnson571@company.com,Finance,113245,37,2015-02-23,True
572,Jessica,Garcia,michael.williams572@company.com,Operations,136956,57,2021-03-29,False
573,Jane,Smith,emily.brown573@company.com,Marketing,61187,40,2023-03-22,True
574,Matthew,Martinez,david.jones574@company.com,HR,104499,40,2020-03-07,True
575,Emily,Rodriguez,sarah.garcia575@company.com,Engineering,116637,38,2019-01-28,True
576,Sarah,Smith,chris.miller576@company.com,Operations,149188,34,2017-03-11,False
577,David,Rodriguez,jessica.davis577@company.com,Finance,69868,59,2022-02-08,False
578,Matthew,Johnson,matthew.rodriguez578@company.com,Engineering,67547,44,2011-02-12,True
579,Matthew,Smith,amanda.martinez579@company.com,HR,145752,35,2016-09-07,True
580,Michael,Davis,john.smith580@company.com,HR,148285,28,2015-07-06,True
581,John,Rodriguez,jane.johnson581@company.com,HR,50895,57,2012-03-03,True
582,Jane,Jones,michael.williams582@company.com,Sales,66533,50,2020-02-04,True
583,Sarah,Brown,emily.brown583@company.com,HR,137402,40,2013-12-03,True
584,Michael,Jones,david.jones584@company.com,Sales,136344,65,2018-03-30,True
585,Jessica,Rodriguez,sarah.garcia585@company.com,HR,73191,37,2018-02-05,True
586,Amanda,Rodriguez,chris.miller586@company.com,Operations,83910,32,2012-09-09,True
587,Amanda,Smith,jessica.davis587@company.com,Operations,91299,38,2023-06-29,False
588,Sarah,Jones,matthew.rodriguez588@company.com,Finance,91649,36,2010-07-03,True
589,Jessica,Johnson,amanda.martinez589@company.com,HR,110062,27,2018-11-17,True
590,David,Miller,john.smith590@company.com,Marketing,53540,34,2014-11-04,False
591,Amanda,Jones,jane.johnson591@company.com,Engineering,113587,22,2010-09-06,True
592,Jessica,Smith,michael.williams592@company.com,Finance,62979,36,2022-06-30,False
593,Chris,Garcia,emily.brown593@company.com,Sales,50012,54,2016-07-17,False
594,Jane,Miller,david.jones594@company.com,Finance,97476,34,2010-01-10,True
595,Jessica,Jones,sarah.garcia595@company.com,Engineering,149751,29,2018-03-09,False
596,John,Garcia,chris.miller596@company.com,Marketing,71253,60,2023-06-25,True
597,Chris,Miller,jessica.davis597@company.com,Finance,91128,56,2018-07-04,True
598,Amanda,Brown,matthew.rodriguez598@company.com,Marketing,110600,56,2016-08-21,False
599,Amanda,Rodriguez,amanda.martinez599@company.com,Engineering,99863,24,2022-05-01,False
600,Sarah,Rodriguez,john.smith600@company.com,Sales,145367,59,2017-01-09,False
601,David,Rodriguez,jane.johnson601@company.com,Operations,99179,60,2021-10-23,True
602,Chris,Davis,michael.williams602@company.com,HR,94606,41,2012-10-05,True
603,Chris,Garcia,emily.brown603@company.com,HR,130630,56,2022-05-19,False
604,John,Martinez,david.jones604@company.com,Marketing,123902,63,2017-02-25,True
605,David,Martinez,sarah.garcia605@company.com,HR,93496,61,2017-06-06,False
606,Emily,Martinez,chris.miller606@company.com,HR,64249,51,2016-12-26,True
607,Chris,Johnson,jessica.davis607@company.com,HR,148249,47,2018-05-22,True
608,Emily,Jones,matthew.rodriguez608@company.com,Finance,107275,64,2021-02-08,True
609,Chris,Rodriguez,amanda.martinez609@company.com,Sales,65794,35,2011-06-27,True
610,Chris,Miller,john.smith610@company.com,Finance,122950,40,2020-10-05,False
611,John,Miller,jane.johnson611@company.com,HR,71532,61,2015-05-13,False
612,Jessica,Brown,michael.williams612@company.com,Marketing,82796,62,2022-06-13,True
613,Sarah,Rodriguez,emily.brown613@company.com,Engineering,59643,22,2012-06-29,False
614,Chris,Williams,david.jones614@company.com,Marketing,107271,32,2013-05-29,True
615,Jane,Garcia,sarah.garcia615@company.com,Operations,140653,50,2016-10-15,True
616,Amanda,Martinez,chris.miller616@company.com,HR,107909,39,2012-01-04,True
617,David,Williams,jessica.davis617@company.com,Marketing,79907,35,2012-02-07,False
618,Sarah,Smith,matthew.rodriguez618@company.com,Engineering,67508,65,2012-12-07,False
619,David,Miller,amanda.martinez619@company.com,Finance,77181,56,2014-07-31,True
620,John,Martinez,john.smith620@company.com,Marketing,135163,34,2022-12-11,True
621,David,Rodriguez,jane.johnson621@company.com,Finance,117988,59,2010-11-13,False
622,Jane,Garcia,michael.williams622@company.com,Marketing,69608,26,2015-12-22,True
623,Chris,Miller,emily.brown623@company.com,Operations,52871,28,2017-06-12,False
624,Jane,Williams,david.jones624@company.com,Sales,88025,38,2011-04-17,True
625,Matthew,Martinez,sarah.garcia625@company.com,Sales,135764,52,2021-02-19,True
626,Chris,Garcia,chris.miller626@company.com,HR,93520,46,2012-12-25,True
627,Emily,Jones,jessica.davis627@company.com,Engineering,89661,55,2016-04-28,True
628,Sarah,Jones,matthew.rodriguez628@company.com,Operations,123277,43,2019-12-07,True
629,Sarah,Williams,amanda.martinez629@company.com,Engineering,140045,63,2010-06-20,True
630,Jane,Garcia,john.smith630@company.com,Marketing,51915,47,2021-04-26,False
631,Emily,Martinez,jane.johnson631@company.com,Operations,72553,38,2014-07-26,False
632,Chris,Brown,michael.williams632@company.com,Marketing,61818,40,2013-02-28,True
633,John,Rodriguez,emily.brown633@company.com,Marketing,58618,41,2013-02-04,False
634,Matthew,Jones,david.jones634@company.com,Finance,63335,64,2012-09-08,False
635,Jessica,Garcia,sarah.garcia635@company.com,Finance,81785,23,2016-03-11,True
636,Michael,Smith,chris.miller636@company.com,Sales,130592,35,2019-09-23,False
637,Michael,Miller,jessica.davis637@company.com,HR,66874,28,2015-09-02,False
638,David,Williams,matthew.rodriguez638@company.com,HR,143940,61,2010-11-03,True
639,Chris,Rodriguez,amanda.martinez639@company.com,HR,120606,59,2022-05-20,True
640,Sarah,Johnson,john.smith640@company.com,Engineering,127328,64,2023-05-18,False
641,Chris,Rodriguez,jane.johnson641@company.com,HR,129846,49,2010-01-24,True
642,Amanda,Johnson,michael.williams642@company.com,Marketing,135321,38,2018-03-06,True
643,Jane,Miller,emily.brown643@company.com,Finance,136216,59,2014-04-30,False
644,David,Johnson,david.jones644@company.com,HR,64665,44,2023-01-02,True
645,Amanda,Jones,sarah.garcia645@company.com,Operations,124464,52,2013-06-28,True
646,Michael,Martinez,chris.miller646@company.com,Engineering,116076,39,2012-05-01,True
647,Jessica,Rodriguez,jessica.davis647@company.com,Finance,138485,55,2018-08-05,True
648,Jane,Davis,matthew.rodriguez648@company.com,HR,106129,62,2012-03-19,False
649,Michael,Martinez,amanda.martinez649@company.com,Operations,51284,30,2013-07-08,True
650,Amanda,Rodriguez,john.smith650@company.com,Operations,143551,30,2020-06-07,False
651,Emily,Rodriguez,jane.johnson651@company.com,Engineering,92367,25,2022-10-21,False
652,Amanda,Davis,michael.williams652@company.com,Marketing,94752,57,2021-12-15,True
653,Matthew,Williams,emily.brown653@company.com,Finance,68630,58,2015-01-10,False
654,Michael,Jones,david.jones654@company.com,Finance,138153,31,2011-09-20,False
655,Jessica,Johnson,sarah.garcia655@company.com,Sales,79770,48,2012-07-30,False
656,Michael,Brown,chris.miller656@company.com,Marketing,57118,47,2016-07-15,False
657,Amanda,Johnson,jessica.davis657@company.com,HR,69027,43,2016-09-26,False
658,Amanda,Davis,matthew.rodriguez658@company.com,Marketing,61493,36,2010-11-05,False
659,John,Rodriguez,amanda.martinez659@company.com,Operations,50316,63,2010-08-15,True
660,David,Garcia,john.smith660@company.com,HR,96358,41,2010-11-01,False
661,David,Jones,jane.johnson661@company.com,Finance,89973,40,2011-12-17,True
662,Emily,Miller,michael.williams662@company.com,Marketing,143101,34,2015-11-18,True
663,Chris,Jones,emily.brown663@company.com,Operations,70169,22,2015-01-21,True
664,Matthew,Johnson,david.jones664@company.com,Finance,95795,64,2017-04-30,False
665,Sarah,Davis,sarah.garcia665@company.com,Sales,138647,35,2020-10-26,False
666,David,Martinez,chris.miller666@company.com,Marketing,80149,60,2012-07-03,False
667,John,Rodriguez,jessica.davis667@company.com,Marketing,84525,59,2022-04-03,False
668,Matthew,Smith,matthew.rodriguez668@company.com,Marketing,87234,60,2010-02-08,True
669,Chris,Williams,amanda.martinez669@company.com,Engineering,135320,59,2016-04-06,False
670,David,Jones,john.smith670@company.com,Operations,119362,56,2017-04-01,False
671,Matthew,Johnson,jane.johnson671@company.com,Sales,136434,37,2018-03-26,True
672,Chris,Martinez,michael.williams672@company.com,Operations,111063,51,2019-05-08,False
673,Sarah,Miller,emily.brown673@company.com,HR,141216,55,2014-02-25,True
674,Jane,Williams,david.jones674@company.com,Finance,63335,53,2018-12-12,False
675,David,Johnson,sarah.garcia675@company.com,Engineering,63103,59,2014-09-14,True
676,Chris,Johnson,chris.miller676@company.com,Operations,118705,47,2013-09-09,True
677,David,Jones,jessica.davis677@company.com,Engineering,149268,41,2021-12-14,False
678,Michael,Jones,matthew.rodriguez678@company.com,Marketing,122112,49,2010-06-13,True
679,Jessica,Smith,amanda.martinez679@company.com,HR,80336,23,2018-11-25,True
680,Jane,Garcia,john.smith680@company.com,Finance,58390,34,2012-08-21,False
681,Amanda,Johnson,jane.johnson681@company.com,Finance,109743,37,2012-06-09,True
682,Emily,Miller,michael.williams682@company.com,Engineering,92216,51,2011-04-10,False
683,Matthew,Rodriguez,emily.brown683@company.com,Marketing,121896,64,2019-11-30,True
684,Sarah,Rodriguez,david.jones684@company.com,Engineering,53526,26,2015-08-04,False
685,Amanda,Jones,sarah.garcia685@company.com,Sales,84023,25,2020-08-25,False
686,David,Miller,chris.miller686@company.com,Operations,124548,41,2021-12-06,True
687,Emily,Martinez,jessica.davis687@company.com,Finance,68454,63,2013-12-10,True
688,Jane,Rodriguez,matthew.rodriguez688@company.com,Operations,67029,56,2014-09-25,False
689,Jane,Brown,amanda.martinez689@company.com,HR,144450,23,2021-11-09,False
690,Michael,Brown,john.smith690@company.com,HR,70714,51,2014-03-24,True
691,Sarah,Rodriguez,jane.johnson691@company.com,Engineering,85987,27,2018-09-22,False
692,Jane,Davis,michael.williams692@company.com,Sales,65416,51,2013-12-06,False
693,Emily,Martinez,emily.brown693@company.com,Operations,130841,41,2013-02-22,True
694,Sarah,Miller,david.jones694@company.com,Sales,114446,41,2019-11-12,True
695,Amanda,Martinez,sarah.garcia695@company.com,Marketing,88900,32,2021-11-28,False
696,John,Jones,chris.miller696@company.com,Sales,86303,22,2019-09-09,False
697,Sarah,Brown,jessica.davis697@company.com,Engineering,101428,38,2023-03-04,True
698,Michael,Williams,matthew.rodriguez698@company.com,Sales,140781,42,2012-04-04,False
699,Amanda,Johnson,amanda.martinez699@company.com,Finance,92462,40,2021-05-19,True
700,Jessica,Rodriguez,john.smith700@company.com,HR,76348,57,2011-07-06,False
701,Chris,Johnson,jane.johnson701@company.com,Finance,144546,48,2012-12-23,False
702,Amanda,Davis,michael.williams702@company.com,HR,60871,26,2012-12-04,False
703,Chris,Miller,emily.brown703@company.com,Sales,85503,62,2021-01-05,True
704,Emily,Rodriguez,david.jones704@company.com,Marketing,69545,61,2015-08-25,True
705,Matthew,Martinez,sarah.garcia705@company.com,HR,118569,48,2014-01-23,False
706,John,Martinez,chris.miller706@company.com,Sales,84016,48,2022-11-03,False
707,Sarah,Smith,jessica.davis707@company.com,Finance,122548,52,2016-01-02,False
708,David,Davis,matthew.rodriguez708@company.com,Finance,97667,28,2020-09-20,True
709,Michael,Davis,amanda.martinez709@company.com,Operations,93670,24,2016-02-05,False
710,Jessica,Garcia,john.smith710@company.com,HR,104229,28,2010-07-01,True
711,Amanda,Johnson,jane.johnson711@company.com,Sales,94531,42,2020-10-18,True
712,Matthew,Davis,michael.williams712@company.com,HR,78181,63,2011-02-15,False
713,David,Jones,emily.brown713@company.com,Engineering,139476,22,2017-12-02,False
714,Sarah,Garcia,david.jones714@company.com,HR,53482,60,2022-06-26,False
715,Chris,Rodriguez,sarah.garcia715@company.com,Marketing,75003,22,2017-01-10,False
716,Sarah,Garcia,chris.miller716@company.com,Operations,88336,63,2021-08-21,True
717,Sarah,Brown,jessica.davis717@company.com,HR,81067,39,2016-06-30,False
718,Chris,Brown,matthew.rodriguez718@company.com,Engineering,51123,25,2021-02-14,True
719,Emily,Rodriguez,amanda.martinez719@company.com,Sales,95959,32,2010-08-15,False
720,Michael,Rodriguez,john.smith720@company.com,Marketing,104877,34,2010-06-29,False
721,Chris,Davis,jane.johnson721@company.com,HR,72337,56,2015-12-13,True
722,Matthew,Jones,michael.williams722@company.com,Marketing,102896,46,2021-07-15,True
723,Matthew,Smith,emily.brown723@company.com,Finance,58793,30,2015-01-13,True
724,Sarah,Smith,david.jones724@company.com,Sales,141478,59,2011-01-08,False
725,John,Martinez,sarah.garcia725@company.com,Finance,85006,53,2020-10-09,True
726,Jessica,Jones,chris.miller726@company.com,Engineering,69827,64,2014-12-01,True
727,Michael,Johnson,jessica.davis727@company.com,Sales,73864,59,2014-10-20,True
728,John,Garcia,matthew.rodriguez728@company.com,Finance,141789,45,2015-09-14,False
729,John,Brown,amanda.martinez729@company.com,Operations,71742,57,2018-03-22,False
730,Sarah,Garcia,john.smith730@company.com,Operations,86579,64,2017-06-21,True
731,Jessica,Rodriguez,jane.johnson731@company.com,Engineering,142965,31,2017-02-28,False
732,Emily,Garcia,michael.williams732@company.com,Marketing,83839,33,2019-02-20,True
733,Amanda,Garcia,emily.brown733@company.com,HR,137019,32,2018-09-24,True
734,Matthew,Miller,david.jones734@company.com,HR,149753,54,2014-01-10,False
735,John,Martinez,sarah.garcia735@company.com,Finance,101379,52,2022-10-04,False
736,Jessica,Garcia,chris.miller736@company.com,Operations,68991,26,2019-01-30,False
737,Michael,Miller,jessica.davis737@company.com,HR,141601,45,2019-11-04,False
738,Sarah,Smith,matthew.rodriguez738@company.com,Sales,127680,37,2018-11-09,True
739,Jane,Davis,amanda.martinez739@company.com,Sales,54167,50,2018-06-19,True
740,Matthew,Jones,john.smith740@company.com,Engineering,107917,40,2021-07-28,False
741,Emily,Miller,jane.johnson741@company.com,HR,140351,30,2023-11-26,True
742,Jane,Williams,michael.williams742@company.com,Marketing,67888,52,2011-08-08,True
743,Chris,Brown,emily.brown743@company.com,Operations,145980,22,2023-12-05,False
744,John,Miller,david.jones744@company.com,Marketing,66641,32,2020-01-31,False
745,David,Brown,sarah.garcia745@company.com,Marketing,55981,60,2023-11-29,False
746,Jane,Williams,chris.miller746@company.com,Engineering,60501,60,2020-12-09,False
747,Matthew,Jones,jessica.davis747@company.com,Finance,142933,43,2023-08-29,False
748,John,Brown,matthew.rodriguez748@company.com,Operations,132911,33,2010-10-08,True
749,Emily,Williams,amanda.martinez749@company.com,Finance,124763,22,2019-10-06,False
750,David,Williams,john.smith750@company.com,Operations,74495,40,2013-07-03,False
751,Matthew,Smith,jane.johnson751@company.com,HR,113612,57,2019-06-11,True
752,David,Jones,michael.williams752@company.com,Finance,91884,60,2022-01-06,False
753,Michael,Johnson,emily.brown753@company.com,Finance,93158,63,2023-02-06,False
754,Amanda,Garcia,david.jones754@company.com,Marketing,82730,24,2020-05-23,True
755,Matthew,Garcia,sarah.garcia755@company.com,Finance,115066,53,2014-10-01,False
756,Sarah,Jones,chris.miller756@company.com,Engineering,106240,56,2022-02-06,False
757,Chris,Martinez,jessica.davis757@company.com,Sales,78699,44,2011-02-15,False
758,Amanda,Miller,matthew.rodriguez758@company.com,Engineering,97024,65,2010-02-04,True
759,Jane,Jones,amanda.martinez759@company.com,Operations,89704,62,2013-09-11,True
760,Michael,Johnson,john.smith760@company.com,Finance,134813,26,2010-12-20,True
761,Michael,Martinez,jane.johnson761@company.com,Engineering,64300,36,2016-12-13,True
762,Matthew,Johnson,michael.williams762@company.com,Engineering,110372,64,2010-11-08,False
763,Matthew,Davis,emily.brown763@company.com,Engineering,83325,42,2011-04-06,True
764,Sarah,Williams,david.jones764@company.com,Marketing,129411,57,2022-02-06,False
765,Chris,Jones,sarah.garcia765@company.com,Finance,140286,55,2018-11-23,True
766,Jessica,Jones,chris.miller766@company.com,Sales,50669,56,2016-04-24,True
767,Matthew,Brown,jessica.davis767@company.com,HR,136533,63,2014-04-14,False
768,Sarah,Miller,matthew.rodriguez768@company.com,Finance,114218,64,2023-08-01,True
769,Jane,Johnson,amanda.martinez769@company.com,Sales,105609,55,2020-08-10,False
770,Michael,Rodriguez,john.smith770@company.com,Marketing,142246,26,2015-04-29,True
771,David,Williams,jane.johnson771@company.com,HR,84316,60,2022-04-04,False
772,Emily,Williams,michael.williams772@company.com,Sales,134752,59,2013-09-01,False
773,Sarah,Garcia,emily.brown773@company.com,Operations,143000,36,2015-12-01,True
774,John,Johnson,david.jones774@company.com,Operations,116710,40,2021-11-20,True
775,Michael,Jones,sarah.garcia775@company.com,Engineering,69773,56,2020-10-22,True
776,Jessica,Rodriguez,chris.miller776@company.com,Operations,137586,23,2010-04-20,False
777,Matthew,Martinez,jessica.davis777@company.com,Engineering,75518,24,2013-08-31,False
778,Jessica,Williams,matthew.rodriguez778@company.com,Sales,130985,47,2015-08-21,True
779,Jane,Williams,amanda.martinez779@company.com,Operations,115254,28,2016-03-04,False
780,Jane,Garcia,john.smith780@company.com,Finance,109745,52,2011-03-17,True
781,Jane,Johnson,jane.johnson781@company.com,HR,146460,65,2011-03-31,True
782,John,Rodriguez,michael.williams782@company.com,HR,106101,57,2011-09-07,False
783,Amanda,Miller,emily.brown783@company.com,HR,119634,53,2019-08-08,False
784,Jessica,Miller,david.jones784@company.com,Marketing,72060,43,2013-09-21,False
785,Jessica,Miller,sarah.garcia785@company.com,HR,84831,41,2019-06-04,True
786,John,Davis,chris.miller786@company.com,Finance,99803,27,2023-04-20,True
787,Michael,Rodriguez,jessica.davis787@company.com,Engineering,93193,53,2018-01-13,False
788,Chris,Miller,matthew.rodriguez788@company.com,Operations,63390,30,2013-01-23,False
789,Jessica,Jones,amanda.martinez789@company.com,Operations,69145,59,2021-02-08,False
790,Sarah,Johnson,john.smith790@company.com,Marketing,106933,45,2015-03-31,True
791,Chris,Martinez,jane.johnson791@company.com,Engineering,56719,25,2021-09-22,False
792,Michael,Garcia,michael.williams792@company.com,Marketing,137276,34,2020-01-05,False
793,Emily,Rodriguez,emily.brown793@company.com,Sales,73254,58,2011-01-12,True
794,Jane,Jones,david.jones794@company.com,Operations,112863,35,2018-11-28,True
795,Chris,Smith,sarah.garcia795@company.com,Finance,83470,38,2019-10-31,False
796,Jane,Smith,chris.miller796@company.com,Marketing,72260,54,2019-02-09,False
797,Emily,Smith,jessica.davis797@company.com,Finance,62263,41,2016-01-13,True
798,John,Martinez,matthew.rodriguez798@company.com,Marketing,141141,34,2023-06-04,True
799,David,Jones,amanda.martinez799@company.com,HR,101550,52,2023-05-23,False
800,Michael,Miller,john.smith800@company.com,Operations,128169,54,2011-03-26,True
801,Sarah,Smith,jane.johnson801@company.com,Engineering,108129,45,2016-05-08,False
802,Matthew,Jones,michael.williams802@company.com,Finance,103961,42,2016-04-16,True
803,Sarah,Rodriguez,emily.brown803@company.com,HR,70049,36,2012-01-13,True
804,Sarah,Brown,david.jones804@company.com,Sales,80832,48,2014-06-15,True
805,Jessica,Rodriguez,sarah.garcia805@company.com,Finance,83927,32,2016-09-07,True
806,Sarah,Miller,chris.miller806@company.com,Sales,133869,29,2019-06-05,False
807,Chris,Williams,jessica.davis807@company.com,Marketing,74157,36,2022-04-13,True
808,David,Davis,matthew.rodriguez808@company.com,HR,91224,51,2010-06-01,True
809,Sarah,Johnson,amanda.martinez809@company.com,Operations,77264,63,2020-10-16,True
810,Sarah,Miller,john.smith810@company.com,Finance,83105,32,2020-06-12,True
811,Jessica,Davis,jane.johnson811@company.com,Engineering,77202,62,2012-06-28,False
812,Sarah,Rodriguez,michael.williams812@company.com,HR,135935,41,2019-07-19,True
813,John,Garcia,emily.brown813@company.com,HR,64312,63,2017-11-01,True
814,Sarah,Davis,david.jones814@company.com,Marketing,89194,64,2019-08-08,False
815,David,Johnson,sarah.garcia815@company.com,Engineering,107702,33,2023-10-19,False
816,Jessica,Rodriguez,chris.miller816@company.com,Engineering,74371,33,2022-11-15,False
817,Chris,Williams,jessica.davis817@company.com,Marketing,81068,25,2010-11-10,True
818,John,Smith,matthew.rodriguez818@company.com,HR,139910,65,2017-09-24,True
819,Matthew,Smith,amanda.martinez819@company.com,Marketing,124415,46,2020-10-05,True
820,Amanda,Martinez,john.smith820@company.com,Marketing,72460,38,2023-06-15,False
821,Michael,Johnson,jane.johnson821@company.com,Operations,130564,51,2022-07-06,False
822,Jessica,Garcia,michael.williams822@company.com,Operations,57286,63,2016-08-20,True
823,Sarah,Martinez,emily.brown823@company.com,HR,77951,55,2023-11-09,False
824,Sarah,Rodriguez,david.jones824@company.com,Sales,116962,26,2012-06-04,True
825,Matthew,Johnson,sarah.garcia825@company.com,HR,141113,55,2023-10-27,True
826,Jessica,Smith,chris.miller826@company.com,Engineering,128909,24,2019-06-29,False
827,Amanda,Jones,jessica.davis827@company.com,Operations,129830,46,2014-02-25,True
828,David,Miller,matthew.rodriguez828@company.com,Engineering,117839,46,2021-07-03,True
829,Jane,Martinez,amanda.martinez829@company.com,Sales,88340,38,2011-10-06,False
830,Sarah,Williams,john.smith830@company.com,Engineering,63919,30,2010-03-06,False
831,Amanda,Miller,jane.johnson831@company.com,Marketing,82802,49,2015-04-04,False
832,David,Jones,michael.williams832@company.com,HR,114449,63,2017-03-04,True
833,Matthew,Davis,emily.brown833@company.com,Engineering,135815,49,2014-09-18,True
834,Amanda,Davis,david.jones834@company.com,Finance,67732,25,2022-05-28,True
835,Jane,Garcia,sarah.garcia835@company.com,Operations,146077,49,2011-08-21,True
836,Matthew,Miller,chris.miller836@company.com,Marketing,118651,38,2016-05-08,True
837,Chris,Miller,jessica.davis837@company.com,Marketing,89964,23,2010-04-03,True
838,Matthew,Davis,matthew.rodriguez838@company.com,HR,50009,48,2014-04-25,True
839,David,Martinez,amanda.martinez839@company.com,Sales,116977,32,2022-09-23,False
840,Amanda,Smith,john.smith840@company.com,Finance,89370,50,2012-02-15,False
841,Amanda,Miller,jane.johnson841@company.com,Operations,142461,60,2016-09-11,False
842,Jane,Williams,michael.williams842@company.com,Engineering,65769,38,2015-10-06,False
843,Jessica,Brown,emily.brown843@company.com,Engineering,140119,52,2020-07-24,False
844,Amanda,Rodriguez,david.jones844@company.com,HR,96762,58,2019-03-16,False
845,Sarah,Jones,sarah.garcia845@company.com,Engineering,114893,33,2022-10-04,True
846,Chris,Williams,chris.miller846@company.com,Engineering,92146,43,2017-05-19,True
847,David,Brown,jessica.davis847@company.com,HR,62395,38,2016-07-02,False
848,Jane,Smith,matthew.rodriguez848@company.com,Marketing,73314,27,2016-12-16,False
849,Jessica,Brown,amanda.martinez849@company.com,Marketing,148522,30,2019-03-11,False
850,Chris,Johnson,john.smith850@company.com,Engineering,120055,61,2022-10-02,True
851,Sarah,Miller,jane.johnson851@company.com,Engineering,122962,53,2013-11-13,True
852,John,Davis,michael.williams852@company.com,Operations,60130,61,2017-06-16,True
853,Sarah,Brown,emily.brown853@company.com,Marketing,100109,50,2010-06-03,True
854,Michael,Garcia,david.jones854@company.com,Marketing,106066,61,2016-12-11,False
855,Matthew,Rodriguez,sarah.garcia855@company.com,Sales,124376,59,2018-10-15,False
856,John,Miller,chris.miller856@company.com,Marketing,146733,31,2021-12-24,True
857,Jane,Rodriguez,jessica.davis857@company.com,Sales,69573,47,2011-08-03,False
858,Chris,Williams,matthew.rodriguez858@company.com,Operations,116758,50,2020-10-11,False
859,John,Davis,amanda.martinez859@company.com,Sales,64003,62,2020-03-28,True
860,Amanda,Smith,john.smith860@company.com,Engineering,100949,53,2013-04-11,False
861,Michael,Williams,jane.johnson861@company.com,Operations,130942,52,2015-07-06,True
862,John,Smith,michael.williams862@company.com,HR,144218,58,2011-01-31,True
863,Michael,Williams,emily.brown863@company.com,HR,71304,40,2016-07-22,True
864,David,Davis,david.jones864@company.com,Operations,101051,55,2015-05-08,False
865,John,Brown,sarah.garcia865@company.com,HR,70152,50,2017-09-17,False
866,Matthew,Davis,chris.miller866@company.com,Sales,105792,59,2022-11-08,False
867,Emily,Rodriguez,jessica.davis867@company.com,HR,77566,29,2018-04-13,True
868,Emily,Martinez,matthew.rodriguez868@company.com,Engineering,67765,65,2010-08-23,False
869,Chris,Smith,amanda.martinez869@company.com,Sales,92815,60,2011-12-31,False
870,David,Smith,john.smith870@company.com,HR,130140,43,2010-06-30,True
871,Chris,Smith,jane.johnson871@company.com,Finance,112703,33,2011-01-16,True
872,Chris,Johnson,michael.williams872@company.com,Sales,149429,47,2011-12-08,True
873,Emily,Smith,emily.brown873@company.com,HR,85801,34,2014-08-23,True
874,Sarah,Brown,david.jones874@company.com,Engineering,80879,33,2014-12-24,True
875,John,Miller,sarah.garcia875@company.com,HR,126335,52,2010-10-19,True
876,Michael,Smith,chris.miller876@company.com,Sales,53926,56,2017-10-14,True
877,Emily,Johnson,jessica.davis877@company.com,Sales,85594,33,2013-06-22,True
878,Sarah,Johnson,matthew.rodriguez878@company.com,Marketing,70415,27,2016-04-25,False
879,David,Garcia,amanda.martinez879@company.com,Sales,85987,63,2014-10-08,False
880,Emily,Davis,john.smith880@company.com,HR,108474,26,2010-06-10,True
881,Chris,Johnson,jane.johnson881@company.com,Marketing,141606,26,2019-11-18,True
882,Emily,Garcia,michael.williams882@company.com,Engineering,141080,23,2012-12-17,True
883,Chris,Martinez,emily.brown883@company.com,Operations,131776,61,2016-06-01,False
884,Jessica,Rodriguez,david.jones884@company.com,Operations,56417,26,2017-08-28,True
885,Chris,Davis,sarah.garcia885@company.com,Finance,76739,37,2016-04-18,True
886,Jessica,Davis,chris.miller886@company.com,Finance,81974,47,2017-10-07,False
887,John,Jones,jessica.davis887@company.com,Finance,116938,28,2016-10-18,True
888,Michael,Johnson,matthew.rodriguez888@company.com,HR,97126,25,2020-08-03,False
889,Matthew,Garcia,amanda.martinez889@company.com,Sales,148146,29,2014-08-30,True
890,David,Jones,john.smith890@company.com,Marketing,65603,42,2020-04-13,True
891,Jane,Smith,jane.johnson891@company.com,HR,53113,28,2017-07-12,False
892,John,Garcia,michael.williams892@company.com,Engineering,110600,65,2016-07-17,False
893,Amanda,Jones,emily.brown893@company.com,Engineering,131642,47,2021-11-28,False
894,Chris,Williams,david.jones894@company.com,Operations,132977,22,2018-10-03,True
895,Amanda,Williams,sarah.garcia895@company.com,Engineering,127310,22,2023-08-26,True
896,Chris,Williams,chris.miller896@company.com,Finance,84725,42,2013-01-02,True
897,Chris,Rodriguez,jessica.davis897@company.com,HR,138767,55,2011-08-16,False
898,Matthew,Garcia,matthew.rodriguez898@company.com,Operations,133880,45,2016-09-24,True
899,David,Brown,amanda.martinez899@company.com,Marketing,137721,38,2020-07-02,False
900,Jessica,Smith,john.smith900@company.com,Marketing,80409,45,2013-06-14,False
901,Chris,Miller,jane.johnson901@company.com,Sales,107655,42,2013-05-31,False
902,Amanda,Miller,michael.williams902@company.com,Finance,125940,22,2020-06-05,False
903,Amanda,Miller,emily.brown903@company.com,Engineering,51024,64,2016-02-24,False
904,Michael,Brown,david.jones904@company.com,Sales,90674,64,2018-11-15,True
905,Jessica,Davis,sarah.garcia905@company.com,HR,81306,23,2021-02-07,True
906,Jessica,Smith,chris.miller906@company.com,Operations,111646,59,2023-03-28,False
907,Michael,Rodriguez,jessica.davis907@company.com,Marketing,118692,47,2020-08-03,True
908,Jessica,Brown,matthew.rodriguez908@company.com,Finance,126201,33,2015-08-30,False
909,David,Smith,amanda.martinez909@company.com,Sales,119505,28,2010-10-01,False
910,Matthew,Johnson,john.smith910@company.com,Engineering,145911,63,2020-06-09,False
911,Emily,Martinez,jane.johnson911@company.com,Operations,81488,35,2022-02-17,True
912,Matthew,Williams,michael.williams912@company.com,Operations,129021,31,2015-07-15,True
913,Jessica,Rodriguez,emily.brown913@company.com,Sales,130511,22,2015-05-11,False
914,Sarah,Rodriguez,david.jones914@company.com,Engineering,56511,55,2021-06-07,False
915,John,Johnson,sarah.garcia915@company.com,Operations,116404,58,2021-02-21,True
916,Jessica,Martinez,chris.miller916@company.com,Sales,137629,36,2011-10-25,True
917,Sarah,Jones,jessica.davis917@company.com,Finance,76783,40,2011-08-29,True
918,Emily,Miller,matthew.rodriguez918@company.com,Marketing,87046,35,2022-07-17,False
919,Jane,Johnson,amanda.martinez919@company.com,Finance,64563,34,2016-07-10,False
920,Jessica,Rodriguez,john.smith920@company.com,Marketing,128177,34,2011-02-21,False
921,Michael,Johnson,jane.johnson921@company.com,Sales,123093,60,2010-11-03,False
922,Jane,Williams,michael.williams922@company.com,HR,148300,30,2017-07-13,True
923,Emily,Martinez,emily.brown923@company.com,HR,149096,46,2010-05-18,True
924,Michael,Rodriguez,david.jones924@company.com,Operations,114438,25,2016-10-10,True
925,Michael,Williams,sarah.garcia925@company.com,HR,61622,26,2023-05-31,False
926,Jessica,Jones,chris.miller926@company.com,Finance,51658,61,2013-09-16,True
927,Jane,Martinez,jessica.davis927@company.com,Sales,104959,48,2022-06-05,True
928,Chris,Davis,matthew.rodriguez928@company.com,HR,71271,63,2015-09-25,True
929,Matthew,Garcia,amanda.martinez929@company.com,HR,92167,39,2020-08-30,True
930,Sarah,Davis,john.smith930@company.com,Operations,118377,37,2016-02-12,False
931,Jane,Garcia,jane.johnson931@company.com,Finance,72260,43,2017-06-29,True
932,Emily,Williams,michael.williams932@company.com,Marketing,127977,55,2021-04-09,False
933,Jane,Brown,emily.brown933@company.com,Marketing,113118,29,2010-11-16,False
934,Sarah,Johnson,david.jones934@company.com,Operations,113443,23,2013-10-13,False
935,Amanda,Miller,sarah.garcia935@company.com,Operations,55354,54,2017-12-04,True
936,Michael,Rodriguez,chris.miller936@company.com,Engineering,76397,61,2017-12-16,False
937,Emily,Martinez,jessica.davis937@company.com,Sales,82277,60,2021-03-10,True
938,Amanda,Williams,matthew.rodriguez938@company.com,Operations,77849,37,2012-03-06,False
939,Chris,Martinez,amanda.martinez939@company.com,Finance,111945,24,2011-10-23,True
940,David,Johnson,john.smith940@company.com,Engineering,65026,57,2022-10-29,True
941,Sarah,Johnson,jane.johnson941@company.com,Engineering,96633,24,2012-12-15,True
942,Sarah,Brown,michael.williams942@company.com,Engineering,136687,62,2011-01-09,True
943,Emily,Brown,emily.brown943@company.com,Sales,62566,48,2015-04-18,False
944,Chris,Jones,david.jones944@company.com,Marketing,81819,63,2013-11-18,True
945,Sarah,Williams,sarah.garcia945@company.com,HR,127654,55,2017-08-17,True
946,Jessica,Johnson,chris.miller946@company.com,HR,74327,65,2014-02-12,True
947,Sarah,Davis,jessica.davis947@company.com,Engineering,88710,31,2014-08-28,True
948,Emily,Rodriguez,matthew.rodriguez948@company.com,Finance,51311,51,2022-05-27,False
949,Emily,Miller,amanda.martinez949@company.com,Operations,84981,55,2020-10-11,True
950,Sarah,Johnson,john.smith950@company.com,Sales,68259,47,2013-02-13,True
951,Chris,Johnson,jane.johnson951@company.com,Operations,128754,60,2016-05-06,False
952,Sarah,Johnson,michael.williams952@company.com,Engineering,143357,35,2011-11-30,False
953,Emily,Garcia,emily.brown953@company.com,Finance,85586,40,2021-08-22,True
954,Chris,Miller,david.jones954@company.com,Engineering,78609,24,2014-02-26,False
955,Amanda,Johnson,sarah.garcia955@company.com,HR,149818,58,2020-06-23,False
956,Jane,Miller,chris.miller956@company.com,Operations,85191,24,2014-02-18,False
957,Matthew,Miller,jessica.davis957@company.com,Finance,52999,61,2015-03-16,False
958,Jane,Miller,matthew.rodriguez958@company.com,HR,106741,57,2016-10-10,False
959,Jane,Johnson,amanda.martinez959@company.com,Engineering,127559,62,2014-11-19,True
960,Amanda,Jones,john.smith960@company.com,Marketing,96933,40,2022-08-14,True
961,John,Williams,jane.johnson961@company.com,Finance,69325,27,2017-05-21,False
962,Jessica,Miller,michael.williams962@company.com,Operations,133179,43,2019-03-26,True
963,Michael,Garcia,emily.brown963@company.com,Finance,124754,47,2019-05-15,False
964,Jessica,Jones,david.jones964@company.com,Finance,81905,37,2014-08-09,False
965,Chris,Martinez,sarah.garcia965@company.com,Marketing,124361,62,2010-05-20,True
966,Matthew,Williams,chris.miller966@company.com,HR,59240,34,2014-09-10,False
967,Chris,Miller,jessica.davis967@company.com,Sales,112136,61,2016-05-26,False
968,David,Rodriguez,matthew.rodriguez968@company.com,Finance,97241,45,2016-11-05,True
969,Amanda,Miller,amanda.martinez969@company.com,Engineering,129433,64,2023-01-22,False
970,David,Smith,john.smith970@company.com,Operations,124851,60,2011-06-08,True
971,Emily,Johnson,jane.johnson971@company.com,Marketing,131778,36,2021-02-17,True
972,Chris,Johnson,michael.williams972@company.com,Marketing,61084,65,2017-10-23,True
973,Emily,Jones,emily.brown973@company.com,Operations,122089,63,2010-10-27,True
974,John,Williams,david.jones974@company.com,Finance,66026,23,2013-09-16,False
975,Jessica,Jones,sarah.garcia975@company.com,Operations,66821,35,2017-08-27,True
976,David,Garcia,chris.miller976@company.com,HR,126256,24,2014-06-04,False
977,Chris,Jones,jessica.davis977@company.com,HR,50405,35,2011-07-03,True
978,Michael,Smith,matthew.rodriguez978@company.com,Sales,69559,50,2022-09-04,False
979,David,Miller,amanda.martinez979@company.com,HR,53852,63,2022-12-18,False
980,Sarah,Davis,john.smith980@company.com,Marketing,79245,39,2021-04-27,True
981,John,Martinez,jane.johnson981@company.com,Marketing,84829,41,2020-03-29,False
982,Matthew,Garcia,michael.williams982@company.com,Finance,88143,53,2021-09-13,False
983,John,Davis,emily.brown983@company.com,Marketing,66352,53,2023-07-02,False
984,David,Johnson,david.jones984@company.com,Sales,90761,55,2015-12-21,False
985,Sarah,Rodriguez,sarah.garcia985@company.com,Marketing,61459,65,2018-04-17,False
986,Chris,Garcia,chris.miller986@company.com,Engineering,122068,38,2015-04-29,False
987,Jane,Jones,jessica.davis987@company.com,Finance,106514,28,2011-12-21,True
988,Chris,Garcia,matthew.rodriguez988@company.com,Operations,143051,40,2017-03-03,True
989,John,Garcia,amanda.martinez989@company.com,HR,75165,30,2023-05-19,False
990,Sarah,Jones,john.smith990@company.com,Marketing,132198,43,2015-07-09,True
991,Sarah,Rodriguez,jane.johnson991@company.com,Engineering,63528,58,2013-03-16,False
992,Matthew,Johnson,michael.williams992@company.com,Finance,69223,39,2022-10-24,False
993,Chris,Jones,emily.brown993@company.com,Operations,70472,47,2019-06-04,False
994,Jessica,Smith,david.jones994@company.com,Sales,95923,46,2018-06-14,True
995,Sarah,Jones,sarah.garcia995@company.com,Engineering,115224,36,2010-10-08,False
996,Sarah,Garcia,chris.miller996@company.com,Marketing,62783,60,2022-04-29,True
997,Jane,Jones,jessica.davis997@company.com,HR,57245,51,2010-07-28,True
998,Matthew,Rodriguez,matthew.rodriguez998@company.com,Finance,140003,26,2015-07-05,False
999,David,Smith,amanda.martinez999@company.com,Sales,140205,60,2012-03-22,False
1000,Matthew,Jones,john.smith1000@company.com,Marketing,115792,64,2013-06-11,True
